date,so2,no2,rspm,spm,pm2_5,stn_code,sampling_date,state,location,agency,type,location_monitoring_station,date.1,_source_file,_city_norm,city,pm2_5_index,rspm_index,no2_index,so2_index,AQI
1/2/2004,6.733333333,37.5,97.0,233.9,,95,1/2/2004,Andhra Pradesh,Hyderabad,Andhra Pradesh State Pollution Control Board,Industrial Area,"C.I.T.D., Balanagar, Plot no. A1 to A8, IDA, Hyderabad",2/1/2004,data.csv,hyderabad,hyderabad,,97.0,46.875,8.41666666625,97.0
1/3/2004,6.333333333,38.26666667,95.6,220.3111111,,95,1/2/2004,Andhra Pradesh,Hyderabad,Andhra Pradesh State Pollution Control Board,Industrial Area,"C.I.T.D., Balanagar, Plot no. A1 to A8, IDA, Hyderabad",2/1/2004,data.csv,hyderabad,hyderabad,,95.6,47.8333333375,7.916666666249999,96.0
1/4/2004,5.933333333,39.03333333,94.2,206.7222222,,95,1/2/2004,Andhra Pradesh,Hyderabad,Andhra Pradesh State Pollution Control Board,Industrial Area,"C.I.T.D., Balanagar, Plot no. A1 to A8, IDA, Hyderabad",2/1/2004,data.csv,hyderabad,hyderabad,,94.2,48.7916666625,7.41666666625,94.0
1/5/2004,5.533333333,39.8,92.8,193.1333333,,95,1/5/2004,Andhra Pradesh,Hyderabad,Andhra Pradesh State Pollution Control Board,Industrial Area,"C.I.T.D., Balanagar, Plot no. A1 to A8, IDA, Hyderabad",5/1/2004,data.csv,hyderabad,hyderabad,,92.8,49.75,6.91666666625,93.0
1/6/2004,5.266666667,38.9,90.35,193.35,,95,1/5/2004,Andhra Pradesh,Hyderabad,Andhra Pradesh State Pollution Control Board,Industrial Area,"C.I.T.D., Balanagar, Plot no. A1 to A8, IDA, Hyderabad",5/1/2004,data.csv,hyderabad,hyderabad,,90.35,48.625,6.58333333375,90.0
1/7/2004,5.0,38.0,87.9,193.5666667,,95,1/5/2004,Andhra Pradesh,Hyderabad,Andhra Pradesh State Pollution Control Board,Industrial Area,"C.I.T.D., Balanagar, Plot no. A1 to A8, IDA, Hyderabad",5/1/2004,data.csv,hyderabad,hyderabad,,87.9,47.5,6.25,88.0
1/8/2004,4.733333333,37.1,85.45,193.7833333,,95,1/5/2004,Andhra Pradesh,Hyderabad,Andhra Pradesh State Pollution Control Board,Industrial Area,"C.I.T.D., Balanagar, Plot no. A1 to A8, IDA, Hyderabad",5/1/2004,data.csv,hyderabad,hyderabad,,85.45,46.375,5.91666666625,85.0
1/9/2004,4.466666667,36.2,83.0,194.0,,95,1/9/2004,Andhra Pradesh,Hyderabad,Andhra Pradesh State Pollution Control Board,Industrial Area,"C.I.T.D., Balanagar, Plot no. A1 to A8, IDA, Hyderabad",9/1/2004,data.csv,hyderabad,hyderabad,,83.0,45.25,5.58333333375,83.0
1/10/2004,4.511111111,35.95555556,74.96666667,180.2666667,,95,1/9/2004,Andhra Pradesh,Hyderabad,Andhra Pradesh State Pollution Control Board,Industrial Area,"C.I.T.D., Balanagar, Plot no. A1 to A8, IDA, Hyderabad",9/1/2004,data.csv,hyderabad,hyderabad,,74.96666667,44.94444445,5.6388888887499995,75.0
1/11/2004,4.555555556,35.71111111,66.93333333,166.5333333,,95,1/9/2004,Andhra Pradesh,Hyderabad,Andhra Pradesh State Pollution Control Board,Industrial Area,"C.I.T.D., Balanagar, Plot no. A1 to A8, IDA, Hyderabad",9/1/2004,data.csv,hyderabad,hyderabad,,66.93333333,44.638888887499995,5.694444445,67.0
1/12/2004,4.6,35.46666667,58.9,152.8,,95,1/12/2004,Andhra Pradesh,Hyderabad,Andhra Pradesh State Pollution Control Board,Industrial Area,"C.I.T.D., Balanagar, Plot no. A1 to A8, IDA, Hyderabad",12/1/2004,data.csv,hyderabad,hyderabad,,58.9,44.3333333375,5.75,59.0
1/13/2004,4.591666667,42.34166667,64.86666667,158.0166667,,95,1/12/2004,Andhra Pradesh,Hyderabad,Andhra Pradesh State Pollution Control Board,Industrial Area,"C.I.T.D., Balanagar, Plot no. A1 to A8, IDA, Hyderabad",12/1/2004,data.csv,hyderabad,hyderabad,,64.86666667,52.6856837648718,5.73958333375,65.0
1/14/2004,4.583333333,49.21666667,70.83333333,163.2333333,,95,1/12/2004,Andhra Pradesh,Hyderabad,Andhra Pradesh State Pollution Control Board,Industrial Area,"C.I.T.D., Balanagar, Plot no. A1 to A8, IDA, Hyderabad",12/1/2004,data.csv,hyderabad,hyderabad,,70.83333333,61.32350427769231,5.729166666249999,71.0
1/15/2004,4.575,56.09166667,76.8,168.45,,95,1/12/2004,Andhra Pradesh,Hyderabad,Andhra Pradesh State Pollution Control Board,Industrial Area,"C.I.T.D., Balanagar, Plot no. A1 to A8, IDA, Hyderabad",12/1/2004,data.csv,hyderabad,hyderabad,,76.8,69.96132479051282,5.71875,77.0
1/16/2004,4.566666667,62.96666667,82.76666667,173.6666667,,95,16-01-04,Andhra Pradesh,Hyderabad,Andhra Pradesh State Pollution Control Board,Industrial Area,"C.I.T.D., Balanagar, Plot no. A1 to A8, IDA, Hyderabad",1/16/2004,data.csv,hyderabad,hyderabad,,82.76666667,78.59914530333333,5.70833333375,83.0
1/17/2004,4.6,63.4,80.55555556,172.7111111,,95,16-01-04,Andhra Pradesh,Hyderabad,Andhra Pradesh State Pollution Control Board,Industrial Area,"C.I.T.D., Balanagar, Plot no. A1 to A8, IDA, Hyderabad",1/16/2004,data.csv,hyderabad,hyderabad,,80.55555556,79.14358974358974,5.75,81.0
1/18/2004,4.633333333,63.83333333,78.34444444,171.7555556,,95,16-01-04,Andhra Pradesh,Hyderabad,Andhra Pradesh State Pollution Control Board,Industrial Area,"C.I.T.D., Balanagar, Plot no. A1 to A8, IDA, Hyderabad",1/16/2004,data.csv,hyderabad,hyderabad,,78.34444444,79.68803418384616,5.79166666625,80.0
1/19/2004,4.666666667,64.26666667,76.13333333,170.8,,95,19-01-04,Andhra Pradesh,Hyderabad,Andhra Pradesh State Pollution Control Board,Industrial Area,"C.I.T.D., Balanagar, Plot no. A1 to A8, IDA, Hyderabad",1/19/2004,data.csv,hyderabad,hyderabad,,76.13333333,80.23247863666667,5.833333333750001,80.0
1/20/2004,4.608333333,56.50833333,72.325,163.925,,95,19-01-04,Andhra Pradesh,Hyderabad,Andhra Pradesh State Pollution Control Board,Industrial Area,"C.I.T.D., Balanagar, Plot no. A1 to A8, IDA, Hyderabad",1/19/2004,data.csv,hyderabad,hyderabad,,72.325,70.48482905564103,5.76041666625,72.0
1/21/2004,4.55,48.75,68.51666667,157.05,,95,19-01-04,Andhra Pradesh,Hyderabad,Andhra Pradesh State Pollution Control Board,Industrial Area,"C.I.T.D., Balanagar, Plot no. A1 to A8, IDA, Hyderabad",1/19/2004,data.csv,hyderabad,hyderabad,,68.51666667,60.73717948717949,5.6875,69.0
1/22/2004,4.491666667,40.99166667,64.70833333,150.175,,95,19-01-04,Andhra Pradesh,Hyderabad,Andhra Pradesh State Pollution Control Board,Industrial Area,"C.I.T.D., Balanagar, Plot no. A1 to A8, IDA, Hyderabad",1/19/2004,data.csv,hyderabad,hyderabad,,64.70833333,,5.61458333375,65.0
1/23/2004,4.433333333,33.23333333,60.9,143.3,,95,23-01-04,Andhra Pradesh,Hyderabad,Andhra Pradesh State Pollution Control Board,Industrial Area,"C.I.T.D., Balanagar, Plot no. A1 to A8, IDA, Hyderabad",1/23/2004,data.csv,hyderabad,hyderabad,,60.9,41.5416666625,5.54166666625,61.0
1/24/2004,4.675,35.2875,64.1375,155.6375,,95,23-01-04,Andhra Pradesh,Hyderabad,Andhra Pradesh State Pollution Control Board,Industrial Area,"C.I.T.D., Balanagar, Plot no. A1 to A8, IDA, Hyderabad",1/23/2004,data.csv,hyderabad,hyderabad,,64.1375,44.109375,5.84375,64.0
1/25/2004,4.916666667,37.34166667,67.375,167.975,,95,23-01-04,Andhra Pradesh,Hyderabad,Andhra Pradesh State Pollution Control Board,Industrial Area,"C.I.T.D., Balanagar, Plot no. A1 to A8, IDA, Hyderabad",1/23/2004,data.csv,hyderabad,hyderabad,,67.375,46.6770833375,6.145833333750001,67.0
1/26/2004,5.158333333,39.39583333,70.6125,180.3125,,95,23-01-04,Andhra Pradesh,Hyderabad,Andhra Pradesh State Pollution Control Board,Industrial Area,"C.I.T.D., Balanagar, Plot no. A1 to A8, IDA, Hyderabad",1/23/2004,data.csv,hyderabad,hyderabad,,70.6125,49.244791662500006,6.44791666625,71.0
1/27/2004,5.4,41.45,73.85,192.65,,95,27-01-04,Andhra Pradesh,Hyderabad,Andhra Pradesh State Pollution Control Board,Industrial Area,"C.I.T.D., Balanagar, Plot no. A1 to A8, IDA, Hyderabad",1/27/2004,data.csv,hyderabad,hyderabad,,73.85,51.565384615384616,6.75,74.0
1/28/2004,4.1,25.275,51.275,126.325,,95,27-01-04,Andhra Pradesh,Hyderabad,Andhra Pradesh State Pollution Control Board,Industrial Area,"C.I.T.D., Balanagar, Plot no. A1 to A8, IDA, Hyderabad",1/27/2004,data.csv,hyderabad,hyderabad,,51.275,31.59375,5.125,51.0
1/29/2004,2.8,9.1,28.7,60.0,,365,29-01-04,Andhra Pradesh,Hyderabad,Andhra Pradesh State Pollution Control Board,"Residential, Rural and other Areas",Jublee Hills Hyderabad,1/29/2004,data.csv,hyderabad,hyderabad,,28.7,11.375,3.5,29.0
1/30/2004,4.533333333,56.3,47.33333333,116.3,,95,30-01-04,Andhra Pradesh,Hyderabad,Andhra Pradesh State Pollution Control Board,Industrial Area,"C.I.T.D., Balanagar, Plot no. A1 to A8, IDA, Hyderabad",1/30/2004,data.csv,hyderabad,hyderabad,,47.33333333,70.22307692307692,5.66666666625,70.0
1/31/2004,4.222222222,53.06666667,48.98888889,120.8666667,,95,30-01-04,Andhra Pradesh,Hyderabad,Andhra Pradesh State Pollution Control Board,Industrial Area,"C.I.T.D., Balanagar, Plot no. A1 to A8, IDA, Hyderabad",1/30/2004,data.csv,hyderabad,hyderabad,,48.98888889,66.16068376487179,5.2777777775,66.0
2/1/2004,3.911111111,49.83333333,50.64444444,125.4333333,,95,30-01-04,Andhra Pradesh,Hyderabad,Andhra Pradesh State Pollution Control Board,Industrial Area,"C.I.T.D., Balanagar, Plot no. A1 to A8, IDA, Hyderabad",1/30/2004,data.csv,hyderabad,hyderabad,,,62.098290594102565,4.8888888887499995,62.0
2/2/2004,3.6,46.6,52.3,130.0,,203,2/2/2004,Andhra Pradesh,Hyderabad,Andhra Pradesh State Pollution Control Board,Industrial Area,"Uppal, Modern Foods & Industries IDA, Hyderabad",2/2/2004,data.csv,hyderabad,hyderabad,,52.3,58.03589743589744,4.5,58.0
2/3/2004,3.8,30.4,47.15,112.85,,95,2/3/2004,Andhra Pradesh,Hyderabad,Andhra Pradesh State Pollution Control Board,Industrial Area,"C.I.T.D., Balanagar, Plot no. A1 to A8, IDA, Hyderabad",3/2/2004,data.csv,hyderabad,hyderabad,,47.15,38.0,4.75,47.0
2/4/2004,3.811111111,38.86666667,59.91111111,138.1666667,,95,2/3/2004,Andhra Pradesh,Hyderabad,Andhra Pradesh State Pollution Control Board,Industrial Area,"C.I.T.D., Balanagar, Plot no. A1 to A8, IDA, Hyderabad",3/2/2004,data.csv,hyderabad,hyderabad,,59.91111111,48.5833333375,4.76388888875,60.0
2/5/2004,3.822222222,47.33333333,72.67222222,163.4833333,,95,2/3/2004,Andhra Pradesh,Hyderabad,Andhra Pradesh State Pollution Control Board,Industrial Area,"C.I.T.D., Balanagar, Plot no. A1 to A8, IDA, Hyderabad",3/2/2004,data.csv,hyderabad,hyderabad,,72.67222222,58.95726495307692,4.7777777775,73.0
2/6/2004,3.833333333,55.8,85.43333333,188.8,,95,2/6/2004,Andhra Pradesh,Hyderabad,Andhra Pradesh State Pollution Control Board,Industrial Area,"C.I.T.D., Balanagar, Plot no. A1 to A8, IDA, Hyderabad",6/2/2004,data.csv,hyderabad,hyderabad,,85.43333333,69.59487179487179,4.79166666625,85.0
2/7/2004,3.788888889,57.57777778,73.5,168.4222222,,95,2/6/2004,Andhra Pradesh,Hyderabad,Andhra Pradesh State Pollution Control Board,Industrial Area,"C.I.T.D., Balanagar, Plot no. A1 to A8, IDA, Hyderabad",6/2/2004,data.csv,hyderabad,hyderabad,,73.5,71.82849003128204,4.73611111125,74.0
2/8/2004,3.744444444,59.35555556,61.56666667,148.0444444,,95,2/6/2004,Andhra Pradesh,Hyderabad,Andhra Pradesh State Pollution Control Board,Industrial Area,"C.I.T.D., Balanagar, Plot no. A1 to A8, IDA, Hyderabad",6/2/2004,data.csv,hyderabad,hyderabad,,61.56666667,74.06210826769231,4.680555555,74.0
2/9/2004,3.7,61.13333333,49.63333333,127.6666667,,95,2/9/2004,Andhra Pradesh,Hyderabad,Andhra Pradesh State Pollution Control Board,Industrial Area,"C.I.T.D., Balanagar, Plot no. A1 to A8, IDA, Hyderabad",9/2/2004,data.csv,hyderabad,hyderabad,,49.63333333,76.29572649153846,4.625,76.0
2/10/2004,3.716666667,60.31666667,59.78333333,145.3,,95,2/9/2004,Andhra Pradesh,Hyderabad,Andhra Pradesh State Pollution Control Board,Industrial Area,"C.I.T.D., Balanagar, Plot no. A1 to A8, IDA, Hyderabad",9/2/2004,data.csv,hyderabad,hyderabad,,59.78333333,75.26965812384614,4.64583333375,75.0
2/11/2004,3.733333333,59.5,69.93333333,162.9333333,,95,2/9/2004,Andhra Pradesh,Hyderabad,Andhra Pradesh State Pollution Control Board,Industrial Area,"C.I.T.D., Balanagar, Plot no. A1 to A8, IDA, Hyderabad",9/2/2004,data.csv,hyderabad,hyderabad,,69.93333333,74.24358974358975,4.66666666625,74.0
2/12/2004,3.75,58.68333333,80.08333333,180.5666667,,95,2/9/2004,Andhra Pradesh,Hyderabad,Andhra Pradesh State Pollution Control Board,Industrial Area,"C.I.T.D., Balanagar, Plot no. A1 to A8, IDA, Hyderabad",9/2/2004,data.csv,hyderabad,hyderabad,,80.08333333,73.21752136333333,4.6875,80.0
2/13/2004,3.766666667,57.86666667,90.23333333,198.2,,95,13-02-04,Andhra Pradesh,Hyderabad,Andhra Pradesh State Pollution Control Board,Industrial Area,"C.I.T.D., Balanagar, Plot no. A1 to A8, IDA, Hyderabad",2/13/2004,data.csv,hyderabad,hyderabad,,90.23333333,72.19145299564103,4.70833333375,90.0
2/14/2004,4.855555556,58.48888889,95.26666667,200.6111111,,95,13-02-04,Andhra Pradesh,Hyderabad,Andhra Pradesh State Pollution Control Board,Industrial Area,"C.I.T.D., Balanagar, Plot no. A1 to A8, IDA, Hyderabad",2/13/2004,data.csv,hyderabad,hyderabad,,95.26666667,72.97321937461538,6.069444444999999,95.0
2/15/2004,5.944444444,59.11111111,100.3,203.0222222,,95,13-02-04,Andhra Pradesh,Hyderabad,Andhra Pradesh State Pollution Control Board,Industrial Area,"C.I.T.D., Balanagar, Plot no. A1 to A8, IDA, Hyderabad",2/13/2004,data.csv,hyderabad,hyderabad,,,73.75498575358975,7.430555555,74.0
2/16/2004,7.033333333,59.73333333,105.3333333,205.4333333,,95,16-02-04,Andhra Pradesh,Hyderabad,Andhra Pradesh State Pollution Control Board,Industrial Area,"C.I.T.D., Balanagar, Plot no. A1 to A8, IDA, Hyderabad",2/16/2004,data.csv,hyderabad,hyderabad,,103.87919460872483,74.5367521325641,8.79166666625,104.0
2/17/2004,6.75,57.45833333,100.5,205.9333333,,95,16-02-04,Andhra Pradesh,Hyderabad,Andhra Pradesh State Pollution Control Board,Industrial Area,"C.I.T.D., Balanagar, Plot no. A1 to A8, IDA, Hyderabad",2/16/2004,data.csv,hyderabad,hyderabad,,,71.67841879923077,8.4375,72.0
2/18/2004,6.466666667,55.18333333,95.66666667,206.4333333,,95,16-02-04,Andhra Pradesh,Hyderabad,Andhra Pradesh State Pollution Control Board,Industrial Area,"C.I.T.D., Balanagar, Plot no. A1 to A8, IDA, Hyderabad",2/16/2004,data.csv,hyderabad,hyderabad,,95.66666667,68.82008546589744,8.08333333375,96.0
2/19/2004,6.183333333,52.90833333,90.83333333,206.9333333,,95,16-02-04,Andhra Pradesh,Hyderabad,Andhra Pradesh State Pollution Control Board,Industrial Area,"C.I.T.D., Balanagar, Plot no. A1 to A8, IDA, Hyderabad",2/16/2004,data.csv,hyderabad,hyderabad,,90.83333333,65.9617521325641,7.72916666625,91.0
2/20/2004,5.9,50.63333333,86.0,207.4333333,,95,20-02-04,Andhra Pradesh,Hyderabad,Andhra Pradesh State Pollution Control Board,Industrial Area,"C.I.T.D., Balanagar, Plot no. A1 to A8, IDA, Hyderabad",2/20/2004,data.csv,hyderabad,hyderabad,,86.0,63.10341879923077,7.375,86.0
2/21/2004,5.877777778,56.26666667,86.21111111,202.9555556,,95,20-02-04,Andhra Pradesh,Hyderabad,Andhra Pradesh State Pollution Control Board,Industrial Area,"C.I.T.D., Balanagar, Plot no. A1 to A8, IDA, Hyderabad",2/20/2004,data.csv,hyderabad,hyderabad,,86.21111111,70.18119658538461,7.347222222499999,86.0
2/22/2004,5.855555556,61.9,86.42222222,198.4777778,,95,20-02-04,Andhra Pradesh,Hyderabad,Andhra Pradesh State Pollution Control Board,Industrial Area,"C.I.T.D., Balanagar, Plot no. A1 to A8, IDA, Hyderabad",2/20/2004,data.csv,hyderabad,hyderabad,,86.42222222,77.25897435897436,7.319444444999999,86.0
2/23/2004,5.833333333,67.53333333,86.63333333,194.0,,95,23-02-04,Andhra Pradesh,Hyderabad,Andhra Pradesh State Pollution Control Board,Industrial Area,"C.I.T.D., Balanagar, Plot no. A1 to A8, IDA, Hyderabad",2/23/2004,data.csv,hyderabad,hyderabad,,86.63333333,84.3367521325641,7.291666666249999,87.0
2/24/2004,4.688888889,52.95555556,78.52222222,180.6666667,,95,23-02-04,Andhra Pradesh,Hyderabad,Andhra Pradesh State Pollution Control Board,Industrial Area,"C.I.T.D., Balanagar, Plot no. A1 to A8, IDA, Hyderabad",2/23/2004,data.csv,hyderabad,hyderabad,,78.52222222,66.02108262666667,5.8611111112500005,79.0
2/25/2004,3.544444444,38.37777778,70.41111111,167.3333333,,95,23-02-04,Andhra Pradesh,Hyderabad,Andhra Pradesh State Pollution Control Board,Industrial Area,"C.I.T.D., Balanagar, Plot no. A1 to A8, IDA, Hyderabad",2/23/2004,data.csv,hyderabad,hyderabad,,70.41111111,47.972222225,4.430555555,70.0
2/26/2004,2.4,23.8,62.3,154.0,,365,26-02-04,Andhra Pradesh,Hyderabad,Andhra Pradesh State Pollution Control Board,"Residential, Rural and other Areas",Jublee Hills Hyderabad,2/26/2004,data.csv,hyderabad,hyderabad,,62.3,29.75,3.0,62.0
2/27/2004,5.7,60.2,88.65,266.85,,95,27-02-04,Andhra Pradesh,Hyderabad,Andhra Pradesh State Pollution Control Board,Industrial Area,"C.I.T.D., Balanagar, Plot no. A1 to A8, IDA, Hyderabad",2/27/2004,data.csv,hyderabad,hyderabad,,88.65,75.12307692307692,7.125,89.0
2/28/2004,5.122222222,52.38888889,92.35555556,257.0444444,,95,27-02-04,Andhra Pradesh,Hyderabad,Andhra Pradesh State Pollution Control Board,Industrial Area,"C.I.T.D., Balanagar, Plot no. A1 to A8, IDA, Hyderabad",2/27/2004,data.csv,hyderabad,hyderabad,,92.35555556,65.30911681051282,6.402777777500001,92.0
2/29/2004,4.544444444,44.57777778,96.06111111,247.2388889,,95,27-02-04,Andhra Pradesh,Hyderabad,Andhra Pradesh State Pollution Control Board,Industrial Area,"C.I.T.D., Balanagar, Plot no. A1 to A8, IDA, Hyderabad",2/27/2004,data.csv,hyderabad,hyderabad,,96.06111111,55.495156697948715,5.680555555,96.0
3/1/2004,3.966666667,36.76666667,99.76666667,237.4333333,,95,3/1/2004,Andhra Pradesh,Hyderabad,Andhra Pradesh State Pollution Control Board,Industrial Area,"C.I.T.D., Balanagar, Plot no. A1 to A8, IDA, Hyderabad",1/3/2004,data.csv,hyderabad,hyderabad,,99.76666667,45.9583333375,4.95833333375,100.0
3/2/2004,4.025,39.33333333,96.66666667,233.4833333,,95,3/1/2004,Andhra Pradesh,Hyderabad,Andhra Pradesh State Pollution Control Board,Industrial Area,"C.I.T.D., Balanagar, Plot no. A1 to A8, IDA, Hyderabad",1/3/2004,data.csv,hyderabad,hyderabad,,96.66666667,49.166666662500006,5.03125,97.0
3/3/2004,4.083333333,41.9,93.56666667,229.5333333,,95,3/1/2004,Andhra Pradesh,Hyderabad,Andhra Pradesh State Pollution Control Board,Industrial Area,"C.I.T.D., Balanagar, Plot no. A1 to A8, IDA, Hyderabad",1/3/2004,data.csv,hyderabad,hyderabad,,93.56666667,52.13076923076923,5.104166666249999,94.0
3/4/2004,4.141666667,44.46666667,90.46666667,225.5833333,,95,3/1/2004,Andhra Pradesh,Hyderabad,Andhra Pradesh State Pollution Control Board,Industrial Area,"C.I.T.D., Balanagar, Plot no. A1 to A8, IDA, Hyderabad",1/3/2004,data.csv,hyderabad,hyderabad,,90.46666667,55.35555555974359,5.17708333375,90.0
3/5/2004,4.2,47.03333333,87.36666667,221.6333333,,95,3/5/2004,Andhra Pradesh,Hyderabad,Andhra Pradesh State Pollution Control Board,Industrial Area,"C.I.T.D., Balanagar, Plot no. A1 to A8, IDA, Hyderabad",5/3/2004,data.csv,hyderabad,hyderabad,,87.36666667,58.580341876153845,5.25,87.0
3/6/2004,3.9,42.38888889,80.07777778,209.9222222,,95,3/5/2004,Andhra Pradesh,Hyderabad,Andhra Pradesh State Pollution Control Board,Industrial Area,"C.I.T.D., Balanagar, Plot no. A1 to A8, IDA, Hyderabad",5/3/2004,data.csv,hyderabad,hyderabad,,80.07777778,52.74501424641025,4.875,80.0
3/7/2004,3.6,37.74444444,72.78888889,198.2111111,,95,3/5/2004,Andhra Pradesh,Hyderabad,Andhra Pradesh State Pollution Control Board,Industrial Area,"C.I.T.D., Balanagar, Plot no. A1 to A8, IDA, Hyderabad",5/3/2004,data.csv,hyderabad,hyderabad,,72.78888889,47.18055555,4.5,73.0
3/8/2004,3.3,33.1,65.5,186.5,,203,3/8/2004,Andhra Pradesh,Hyderabad,Andhra Pradesh State Pollution Control Board,Industrial Area,"Uppal, Modern Foods & Industries IDA, Hyderabad",8/3/2004,data.csv,hyderabad,hyderabad,,65.5,41.375,4.125,66.0
3/9/2004,5.4,44.9,121.3,438.7,,95,3/9/2004,Andhra Pradesh,Hyderabad,Andhra Pradesh State Pollution Control Board,Industrial Area,"C.I.T.D., Balanagar, Plot no. A1 to A8, IDA, Hyderabad",9/3/2004,data.csv,hyderabad,hyderabad,,114.48791946308725,55.9,6.75,114.0
3/10/2004,5.55,57.35,96.3,343.0,,95,3/9/2004,Andhra Pradesh,Hyderabad,Andhra Pradesh State Pollution Control Board,Industrial Area,"C.I.T.D., Balanagar, Plot no. A1 to A8, IDA, Hyderabad",9/3/2004,data.csv,hyderabad,hyderabad,,96.3,71.5423076923077,6.9375,96.0
3/11/2004,5.7,69.8,71.3,247.3,,95,3/11/2004,Andhra Pradesh,Hyderabad,Andhra Pradesh State Pollution Control Board,Industrial Area,"C.I.T.D., Balanagar, Plot no. A1 to A8, IDA, Hyderabad",11/3/2004,data.csv,hyderabad,hyderabad,,71.3,87.18461538461537,7.125,87.0
3/12/2004,3.0,38.4,66.0,168.2,,203,3/12/2004,Andhra Pradesh,Hyderabad,Andhra Pradesh State Pollution Control Board,Industrial Area,"Uppal, Modern Foods & Industries IDA, Hyderabad",12/3/2004,data.csv,hyderabad,hyderabad,,66.0,48.0,3.75,66.0
3/13/2004,3.433333333,40.76666667,70.04444444,181.0666667,,203,3/12/2004,Andhra Pradesh,Hyderabad,Andhra Pradesh State Pollution Control Board,Industrial Area,"Uppal, Modern Foods & Industries IDA, Hyderabad",12/3/2004,data.csv,hyderabad,hyderabad,,70.04444444,,4.29166666625,70.0
3/14/2004,3.866666667,43.13333333,74.08888889,193.9333333,,203,3/12/2004,Andhra Pradesh,Hyderabad,Andhra Pradesh State Pollution Control Board,Industrial Area,"Uppal, Modern Foods & Industries IDA, Hyderabad",12/3/2004,data.csv,hyderabad,hyderabad,,74.08888889,53.68034187615385,4.83333333375,74.0
3/15/2004,4.3,45.5,78.13333333,206.8,,95,15-03-04,Andhra Pradesh,Hyderabad,Andhra Pradesh State Pollution Control Board,Industrial Area,"C.I.T.D., Balanagar, Plot no. A1 to A8, IDA, Hyderabad",3/15/2004,data.csv,hyderabad,hyderabad,,78.13333333,56.65384615384615,5.375,78.0
3/16/2004,4.133333333,51.46666667,93.32222222,227.8666667,,95,15-03-04,Andhra Pradesh,Hyderabad,Andhra Pradesh State Pollution Control Board,Industrial Area,"C.I.T.D., Balanagar, Plot no. A1 to A8, IDA, Hyderabad",3/15/2004,data.csv,hyderabad,hyderabad,,93.32222222,64.15042735461539,5.16666666625,93.0
3/17/2004,3.966666667,57.43333333,108.5111111,248.9333333,,95,15-03-04,Andhra Pradesh,Hyderabad,Andhra Pradesh State Pollution Control Board,Industrial Area,"C.I.T.D., Balanagar, Plot no. A1 to A8, IDA, Hyderabad",3/15/2004,data.csv,hyderabad,hyderabad,,105.99060401946308,71.64700854282052,4.95833333375,106.0
3/18/2004,3.8,63.4,123.7,270.0,,203,18-03-04,Andhra Pradesh,Hyderabad,Andhra Pradesh State Pollution Control Board,Industrial Area,"Uppal, Modern Foods & Industries IDA, Hyderabad",3/18/2004,data.csv,hyderabad,hyderabad,,116.08255033557047,79.14358974358974,4.75,116.0
3/19/2004,3.9,39.15,67.35,176.5,,95,19-03-04,Andhra Pradesh,Hyderabad,Andhra Pradesh State Pollution Control Board,Industrial Area,"C.I.T.D., Balanagar, Plot no. A1 to A8, IDA, Hyderabad",3/19/2004,data.csv,hyderabad,hyderabad,,67.35,48.9375,4.875,67.0
3/20/2004,4.35,45.75,75.95,204.3833333,,95,19-03-04,Andhra Pradesh,Hyderabad,Andhra Pradesh State Pollution Control Board,Industrial Area,"C.I.T.D., Balanagar, Plot no. A1 to A8, IDA, Hyderabad",3/19/2004,data.csv,hyderabad,hyderabad,,75.95,56.967948717948715,5.4375,76.0
3/21/2004,4.8,52.35,84.55,232.2666667,,95,19-03-04,Andhra Pradesh,Hyderabad,Andhra Pradesh State Pollution Control Board,Industrial Area,"C.I.T.D., Balanagar, Plot no. A1 to A8, IDA, Hyderabad",3/19/2004,data.csv,hyderabad,hyderabad,,84.55,65.26025641025642,6.0,85.0
3/22/2004,5.25,58.95,93.15,260.15,,95,22-03-04,Andhra Pradesh,Hyderabad,Andhra Pradesh State Pollution Control Board,Industrial Area,"C.I.T.D., Balanagar, Plot no. A1 to A8, IDA, Hyderabad",3/22/2004,data.csv,hyderabad,hyderabad,,93.15,73.5525641025641,6.5625,93.0
3/23/2004,2.4,19.6,47.0,114.7,,365,23-03-04,Andhra Pradesh,Hyderabad,Andhra Pradesh State Pollution Control Board,"Residential, Rural and other Areas",Jublee Hills Hyderabad,3/23/2004,data.csv,hyderabad,hyderabad,,47.0,24.5,3.0,47.0
3/24/2004,2.966666667,27.68888889,55.36666667,158.3888889,,365,23-03-04,Andhra Pradesh,Hyderabad,Andhra Pradesh State Pollution Control Board,"Residential, Rural and other Areas",Jublee Hills Hyderabad,3/23/2004,data.csv,hyderabad,hyderabad,,55.36666667,34.6111111125,3.70833333375,55.0
3/25/2004,3.533333333,35.77777778,63.73333333,202.0777778,,365,23-03-04,Andhra Pradesh,Hyderabad,Andhra Pradesh State Pollution Control Board,"Residential, Rural and other Areas",Jublee Hills Hyderabad,3/23/2004,data.csv,hyderabad,hyderabad,,63.73333333,44.722222225,4.41666666625,64.0
3/26/2004,4.1,43.86666667,72.1,245.7666667,,95,26-03-04,Andhra Pradesh,Hyderabad,Andhra Pradesh State Pollution Control Board,Industrial Area,"C.I.T.D., Balanagar, Plot no. A1 to A8, IDA, Hyderabad",3/26/2004,data.csv,hyderabad,hyderabad,,72.1,54.60170940589744,5.125,72.0
3/27/2004,4.0,42.32222222,66.65555556,232.6333333,,95,26-03-04,Andhra Pradesh,Hyderabad,Andhra Pradesh State Pollution Control Board,Industrial Area,"C.I.T.D., Balanagar, Plot no. A1 to A8, IDA, Hyderabad",3/26/2004,data.csv,hyderabad,hyderabad,,66.65555556,52.66125355846154,5.0,67.0
3/28/2004,3.9,40.77777778,61.21111111,219.5,,95,26-03-04,Andhra Pradesh,Hyderabad,Andhra Pradesh State Pollution Control Board,Industrial Area,"C.I.T.D., Balanagar, Plot no. A1 to A8, IDA, Hyderabad",3/26/2004,data.csv,hyderabad,hyderabad,,61.21111111,,4.875,61.0
3/29/2004,3.8,39.23333333,55.76666667,206.3666667,,95,29-03-04,Andhra Pradesh,Hyderabad,Andhra Pradesh State Pollution Control Board,Industrial Area,"C.I.T.D., Balanagar, Plot no. A1 to A8, IDA, Hyderabad",3/29/2004,data.csv,hyderabad,hyderabad,,55.76666667,49.0416666625,4.75,56.0
3/30/2004,3.833333333,39.03333333,56.10833333,196.6916667,,95,29-03-04,Andhra Pradesh,Hyderabad,Andhra Pradesh State Pollution Control Board,Industrial Area,"C.I.T.D., Balanagar, Plot no. A1 to A8, IDA, Hyderabad",3/29/2004,data.csv,hyderabad,hyderabad,,56.10833333,48.7916666625,4.79166666625,56.0
3/31/2004,3.866666667,38.83333333,56.45,187.0166667,,95,29-03-04,Andhra Pradesh,Hyderabad,Andhra Pradesh State Pollution Control Board,Industrial Area,"C.I.T.D., Balanagar, Plot no. A1 to A8, IDA, Hyderabad",3/29/2004,data.csv,hyderabad,hyderabad,,56.45,48.541666662500006,4.83333333375,56.0
4/1/2004,3.9,38.63333333,56.79166667,177.3416667,,95,29-03-04,Andhra Pradesh,Hyderabad,Andhra Pradesh State Pollution Control Board,Industrial Area,"C.I.T.D., Balanagar, Plot no. A1 to A8, IDA, Hyderabad",3/29/2004,data.csv,hyderabad,hyderabad,,56.79166667,48.2916666625,4.875,57.0
4/2/2004,3.933333333,38.43333333,57.13333333,167.6666667,,95,4/2/2004,Andhra Pradesh,Hyderabad,Andhra Pradesh State Pollution Control Board,Industrial Area,"C.I.T.D., Balanagar, Plot no. A1 to A8, IDA, Hyderabad",2/4/2004,data.csv,hyderabad,hyderabad,,57.13333333,48.041666662500006,4.91666666625,57.0
4/3/2004,3.588888889,34.35555556,59.18888889,171.0444444,,95,4/2/2004,Andhra Pradesh,Hyderabad,Andhra Pradesh State Pollution Control Board,Industrial Area,"C.I.T.D., Balanagar, Plot no. A1 to A8, IDA, Hyderabad",2/4/2004,data.csv,hyderabad,hyderabad,,59.18888889,42.94444445,4.4861111112500005,59.0
4/4/2004,3.244444444,30.27777778,61.24444444,174.4222222,,95,4/2/2004,Andhra Pradesh,Hyderabad,Andhra Pradesh State Pollution Control Board,Industrial Area,"C.I.T.D., Balanagar, Plot no. A1 to A8, IDA, Hyderabad",2/4/2004,data.csv,hyderabad,hyderabad,,61.24444444,37.847222225,4.055555555,61.0
4/5/2004,2.9,26.2,63.3,177.8,,203,4/5/2004,Andhra Pradesh,Hyderabad,Andhra Pradesh State Pollution Control Board,Industrial Area,"Uppal, Modern Foods & Industries IDA, Hyderabad",5/4/2004,data.csv,hyderabad,hyderabad,,63.3,32.75,3.625,63.0
4/6/2004,6.2,53.5,80.3,238.3,,95,4/6/2004,Andhra Pradesh,Hyderabad,Andhra Pradesh State Pollution Control Board,Industrial Area,"C.I.T.D., Balanagar, Plot no. A1 to A8, IDA, Hyderabad",6/4/2004,data.csv,hyderabad,hyderabad,,80.3,66.7051282051282,7.75,80.0
4/7/2004,4.3,46.6,88.7,244.3,,95,4/7/2004,Andhra Pradesh,Hyderabad,Andhra Pradesh State Pollution Control Board,Industrial Area,"C.I.T.D., Balanagar, Plot no. A1 to A8, IDA, Hyderabad",7/4/2004,data.csv,hyderabad,hyderabad,,88.7,58.03589743589744,5.375,89.0
4/8/2004,4.0,42.2,79.925,230.4,,95,4/7/2004,Andhra Pradesh,Hyderabad,Andhra Pradesh State Pollution Control Board,Industrial Area,"C.I.T.D., Balanagar, Plot no. A1 to A8, IDA, Hyderabad",7/4/2004,data.csv,hyderabad,hyderabad,,79.925,52.50769230769231,5.0,80.0
4/9/2004,3.7,37.8,71.15,216.5,,203,4/9/2004,Andhra Pradesh,Hyderabad,Andhra Pradesh State Pollution Control Board,Industrial Area,"Uppal, Modern Foods & Industries IDA, Hyderabad",9/4/2004,data.csv,hyderabad,hyderabad,,71.15,47.25,4.625,71.0
4/10/2004,3.55,37.13333333,73.65,213.7666667,,203,4/9/2004,Andhra Pradesh,Hyderabad,Andhra Pradesh State Pollution Control Board,Industrial Area,"Uppal, Modern Foods & Industries IDA, Hyderabad",9/4/2004,data.csv,hyderabad,hyderabad,,73.65,46.4166666625,4.4375,74.0
5/2/2005,31.5,15.2,66.0,100.0,,149,5/2/2005,Kerala,Kochi,National Environmental Engineering Research Institute,Residential and others,Ernakulum South,2/5/2005,data.csv,kochi,kochi,,66.0,19.0,39.375,66.0
5/3/2005,31.5,15.2,59.22222222,97.55555556,,149,5/2/2005,Kerala,Kochi,National Environmental Engineering Research Institute,Residential and others,Ernakulum South,2/5/2005,data.csv,kochi,kochi,,59.22222222,19.0,39.375,59.0
5/4/2005,31.5,15.2,52.44444444,95.11111111,,149,5/2/2005,Kerala,Kochi,National Environmental Engineering Research Institute,Residential and others,Ernakulum South,2/5/2005,data.csv,kochi,kochi,,52.44444444,19.0,39.375,52.0
5/5/2005,31.5,15.2,45.66666667,92.66666667,,149,5/5/2005,Kerala,Kochi,National Environmental Engineering Research Institute,Industrial Areas,Eloor,5/5/2005,data.csv,kochi,kochi,,45.66666667,19.0,39.375,46.0
5/6/2005,31.5,13.725,44.0,93.16666667,,149,5/5/2005,Kerala,Kochi,National Environmental Engineering Research Institute,Industrial Areas,Eloor,5/5/2005,data.csv,kochi,kochi,,44.0,17.15625,39.375,44.0
5/7/2005,31.5,12.25,42.33333333,93.66666667,,149,5/5/2005,Kerala,Kochi,National Environmental Engineering Research Institute,Industrial Areas,Eloor,5/5/2005,data.csv,kochi,kochi,,42.33333333,15.3125,39.375,42.0
5/8/2005,31.5,10.775,40.66666667,94.16666667,,149,5/5/2005,Kerala,Kochi,National Environmental Engineering Research Institute,Industrial Areas,Eloor,5/5/2005,data.csv,kochi,kochi,,40.66666667,13.46875,39.375,41.0
5/9/2005,31.5,9.3,39.0,94.66666667,,149,5/9/2005,Kerala,Kochi,National Environmental Engineering Research Institute,Industrial Areas,Eloor,9/5/2005,data.csv,kochi,kochi,,39.0,11.625,39.375,39.0
5/10/2005,31.5,9.333333333,42.0,95.22222222,,149,5/9/2005,Kerala,Kochi,National Environmental Engineering Research Institute,Industrial Areas,Eloor,9/5/2005,data.csv,kochi,kochi,,42.0,11.66666666625,39.375,42.0
5/11/2005,31.5,9.366666667,45.0,95.77777778,,149,5/9/2005,Kerala,Kochi,National Environmental Engineering Research Institute,Industrial Areas,Eloor,9/5/2005,data.csv,kochi,kochi,,45.0,11.708333333750002,39.375,45.0
5/12/2005,31.5,9.4,48.0,96.33333333,,149,5/12/2005,Kerala,Kochi,National Environmental Engineering Research Institute,Industrial Areas,Eloor,12/5/2005,data.csv,kochi,kochi,,48.0,11.75,39.375,48.0
5/13/2005,31.5,14.2,50.66666667,101.3333333,,149,5/12/2005,Kerala,Kochi,National Environmental Engineering Research Institute,Industrial Areas,Eloor,12/5/2005,data.csv,kochi,kochi,,,17.75,39.375,39.0
5/14/2005,31.5,19.0,53.33333333,106.3333333,,149,5/12/2005,Kerala,Kochi,National Environmental Engineering Research Institute,Industrial Areas,Eloor,12/5/2005,data.csv,kochi,kochi,,53.33333333,23.75,39.375,53.0
5/15/2005,31.5,23.8,56.0,111.3333333,,149,5/12/2005,Kerala,Kochi,National Environmental Engineering Research Institute,Industrial Areas,Eloor,12/5/2005,data.csv,kochi,kochi,,56.0,29.75,39.375,56.0
5/16/2005,31.5,28.6,58.66666667,116.3333333,,149,16-05-05,Kerala,Kochi,National Environmental Engineering Research Institute,Industrial Areas,Eloor,5/16/2005,data.csv,kochi,kochi,,58.66666667,35.75,39.375,59.0
5/17/2005,31.65714286,25.06666667,63.66666667,118.1111111,,149,16-05-05,Kerala,Kochi,National Environmental Engineering Research Institute,Industrial Areas,Eloor,5/16/2005,data.csv,kochi,kochi,,63.66666667,31.3333333375,39.571428575,64.0
5/18/2005,31.81428571,21.53333333,68.66666667,119.8888889,,149,16-05-05,Kerala,Kochi,National Environmental Engineering Research Institute,Industrial Areas,Eloor,5/16/2005,data.csv,kochi,kochi,,68.66666667,26.916666662500003,39.7678571375,69.0
5/19/2005,31.97142857,18.0,73.66666667,121.6666667,,149,19-05-05,Kerala,Kochi,National Environmental Engineering Research Institute,Industrial Areas,Eloor,5/19/2005,data.csv,kochi,kochi,,73.66666667,22.5,39.9642857125,74.0
5/20/2005,32.12857143,17.4,70.0,118.1666667,,149,19-05-05,Kerala,Kochi,National Environmental Engineering Research Institute,Industrial Areas,Eloor,5/19/2005,data.csv,kochi,kochi,,70.0,21.75,40.1607142875,70.0
5/21/2005,32.28571429,16.8,66.33333333,114.6666667,,149,19-05-05,Kerala,Kochi,National Environmental Engineering Research Institute,Industrial Areas,Eloor,5/19/2005,data.csv,kochi,kochi,,66.33333333,21.0,40.3571428625,66.0
5/22/2005,32.44285714,16.2,62.66666667,111.1666667,,149,19-05-05,Kerala,Kochi,National Environmental Engineering Research Institute,Industrial Areas,Eloor,5/19/2005,data.csv,kochi,kochi,,62.66666667,20.25,40.553571425,63.0
5/23/2005,32.6,15.6,59.0,107.6666667,,149,23-05-05,Kerala,Kochi,National Environmental Engineering Research Institute,Industrial Areas,Eloor,5/23/2005,data.csv,kochi,kochi,,59.0,19.5,40.75,59.0
5/24/2005,31.36666667,15.2,58.44444444,108.1111111,,149,23-05-05,Kerala,Kochi,National Environmental Engineering Research Institute,Industrial Areas,Eloor,5/23/2005,data.csv,kochi,kochi,,58.44444444,19.0,39.2083333375,58.0
5/25/2005,30.13333333,14.8,57.88888889,108.5555556,,149,23-05-05,Kerala,Kochi,National Environmental Engineering Research Institute,Industrial Areas,Eloor,5/23/2005,data.csv,kochi,kochi,,57.88888889,18.5,37.6666666625,58.0
5/26/2005,28.9,14.4,57.33333333,109.0,,149,26-05-05,Kerala,Kochi,National Environmental Engineering Research Institute,Industrial Areas,Eloor,5/26/2005,data.csv,kochi,kochi,,57.33333333,18.0,36.125,57.0
5/27/2005,26.0375,13.3625,57.83333333,111.1666667,,149,26-05-05,Kerala,Kochi,National Environmental Engineering Research Institute,Industrial Areas,Eloor,5/26/2005,data.csv,kochi,kochi,,57.83333333,16.703125,32.546875,58.0
5/28/2005,23.175,12.325,58.33333333,113.3333333,,149,26-05-05,Kerala,Kochi,National Environmental Engineering Research Institute,Industrial Areas,Eloor,5/26/2005,data.csv,kochi,kochi,,58.33333333,15.40625,28.96875,58.0
5/29/2005,20.3125,11.2875,58.83333333,115.5,,149,26-05-05,Kerala,Kochi,National Environmental Engineering Research Institute,Industrial Areas,Eloor,5/26/2005,data.csv,kochi,kochi,,58.83333333,14.109375,25.390625,59.0
5/30/2005,17.45,10.25,59.33333333,117.6666667,,149,30-05-05,Kerala,Kochi,National Environmental Engineering Research Institute,Industrial Areas,Eloor,5/30/2005,data.csv,kochi,kochi,,59.33333333,12.8125,21.8125,59.0
5/31/2005,17.84761905,10.16666667,51.55555556,106.1111111,,149,30-05-05,Kerala,Kochi,National Environmental Engineering Research Institute,Industrial Areas,Eloor,5/30/2005,data.csv,kochi,kochi,,51.55555556,12.7083333375,22.309523812499997,52.0
6/1/2005,18.2452381,10.08333333,43.77777778,94.55555556,,149,30-05-05,Kerala,Kochi,National Environmental Engineering Research Institute,Industrial Areas,Eloor,5/30/2005,data.csv,kochi,kochi,,43.77777778,12.6041666625,22.806547625,44.0
6/2/2005,18.64285714,10.0,36.0,83.0,,149,6/2/2005,Kerala,Kochi,National Environmental Engineering Research Institute,Residential and others,Ernakulum South,2/6/2005,data.csv,kochi,kochi,,36.0,12.5,23.303571425,36.0
6/3/2005,19.04047619,11.6625,39.5,87.66666667,,149,6/2/2005,Kerala,Kochi,National Environmental Engineering Research Institute,Residential and others,Ernakulum South,2/6/2005,data.csv,kochi,kochi,,39.5,14.578125,23.800595237499998,40.0
6/4/2005,19.43809524,13.325,43.0,92.33333333,,149,6/2/2005,Kerala,Kochi,National Environmental Engineering Research Institute,Residential and others,Ernakulum South,2/6/2005,data.csv,kochi,kochi,,43.0,16.65625,24.297619049999998,43.0
6/5/2005,19.83571429,14.9875,46.5,97.0,,149,6/2/2005,Kerala,Kochi,National Environmental Engineering Research Institute,Residential and others,Ernakulum South,2/6/2005,data.csv,kochi,kochi,,46.5,18.734375,24.794642862499998,46.0
6/6/2005,20.23333333,16.65,50.0,101.6666667,,149,6/6/2005,Kerala,Kochi,National Environmental Engineering Research Institute,Industrial Areas,Eloor,6/6/2005,data.csv,kochi,kochi,,50.0,20.8125,25.2916666625,50.0
6/7/2005,20.88571429,16.65,52.66666667,99.77777778,,149,6/6/2005,Kerala,Kochi,National Environmental Engineering Research Institute,Industrial Areas,Eloor,6/6/2005,data.csv,kochi,kochi,,52.66666667,20.8125,26.107142862499998,53.0
6/8/2005,21.53809524,16.65,55.33333333,97.88888889,,149,6/6/2005,Kerala,Kochi,National Environmental Engineering Research Institute,Industrial Areas,Eloor,6/6/2005,data.csv,kochi,kochi,,55.33333333,20.8125,26.92261905,55.0
6/9/2005,22.19047619,16.65,58.0,96.0,,149,6/9/2005,Kerala,Kochi,National Environmental Engineering Research Institute,Industrial Areas,Eloor,9/6/2005,data.csv,kochi,kochi,,58.0,20.8125,27.738095237499998,58.0
6/10/2005,22.84285714,16.3875,59.25,97.25,,149,6/9/2005,Kerala,Kochi,National Environmental Engineering Research Institute,Industrial Areas,Eloor,9/6/2005,data.csv,kochi,kochi,,59.25,20.484375,28.553571425,59.0
6/11/2005,23.4952381,16.125,60.5,98.5,,149,6/9/2005,Kerala,Kochi,National Environmental Engineering Research Institute,Industrial Areas,Eloor,9/6/2005,data.csv,kochi,kochi,,60.5,20.15625,29.369047625,60.0
6/12/2005,24.14761905,15.8625,61.75,99.75,,149,6/9/2005,Kerala,Kochi,National Environmental Engineering Research Institute,Industrial Areas,Eloor,9/6/2005,data.csv,kochi,kochi,,61.75,19.828125,30.1845238125,62.0
6/13/2005,24.8,15.6,63.0,101.0,,149,13-06-05,Kerala,Kochi,National Environmental Engineering Research Institute,Residential and others,Ernakulum South,6/13/2005,data.csv,kochi,kochi,,63.0,19.5,31.0,63.0
6/14/2005,26.61,15.845,65.88888889,108.0,,149,13-06-05,Kerala,Kochi,National Environmental Engineering Research Institute,Residential and others,Ernakulum South,6/13/2005,data.csv,kochi,kochi,,65.88888889,19.806250000000002,33.2625,66.0
6/15/2005,28.42,16.09,68.77777778,115.0,,149,13-06-05,Kerala,Kochi,National Environmental Engineering Research Institute,Residential and others,Ernakulum South,6/13/2005,data.csv,kochi,kochi,,68.77777778,20.1125,35.525000000000006,69.0
6/16/2005,30.23,16.335,71.66666667,122.0,,149,16-06-05,Kerala,Kochi,National Environmental Engineering Research Institute,Industrial Areas,Eloor,6/16/2005,data.csv,kochi,kochi,,71.66666667,20.418750000000003,37.7875,72.0
6/17/2005,32.04,16.58,66.75,112.5,,149,16-06-05,Kerala,Kochi,National Environmental Engineering Research Institute,Industrial Areas,Eloor,6/16/2005,data.csv,kochi,kochi,,66.75,20.724999999999998,40.05,67.0
6/18/2005,33.85,16.825,61.83333333,103.0,,149,16-06-05,Kerala,Kochi,National Environmental Engineering Research Institute,Industrial Areas,Eloor,6/16/2005,data.csv,kochi,kochi,,61.83333333,21.03125,42.3125,62.0
6/19/2005,35.66,17.07,56.91666667,93.5,,149,16-06-05,Kerala,Kochi,National Environmental Engineering Research Institute,Industrial Areas,Eloor,6/16/2005,data.csv,kochi,kochi,,56.91666667,21.3375,44.574999999999996,57.0
6/20/2005,37.47,17.315,52.0,84.0,,149,20-06-05,Kerala,Kochi,National Environmental Engineering Research Institute,Residential and others,Ernakulum South,6/20/2005,data.csv,kochi,kochi,,52.0,21.64375,46.8375,52.0
6/21/2005,39.28,17.56,51.66666667,88.88888889,,149,20-06-05,Kerala,Kochi,National Environmental Engineering Research Institute,Residential and others,Ernakulum South,6/20/2005,data.csv,kochi,kochi,,51.66666667,21.95,49.1,52.0
6/22/2005,41.09,17.805,51.33333333,93.77777778,,149,20-06-05,Kerala,Kochi,National Environmental Engineering Research Institute,Residential and others,Ernakulum South,6/20/2005,data.csv,kochi,kochi,,51.33333333,22.25625,51.113076923076925,51.0
6/23/2005,42.9,18.05,51.0,98.66666667,,149,23-06-05,Kerala,Kochi,National Environmental Engineering Research Institute,Industrial Areas,Eloor,6/23/2005,data.csv,kochi,kochi,,51.0,22.5625,53.38717948717949,53.0
6/24/2005,34.975,17.4375,51.625,101.0,,149,23-06-05,Kerala,Kochi,National Environmental Engineering Research Institute,Industrial Areas,Eloor,6/23/2005,data.csv,kochi,kochi,,51.625,21.796875,43.71875,52.0
6/25/2005,27.05,16.825,52.25,103.3333333,,149,23-06-05,Kerala,Kochi,National Environmental Engineering Research Institute,Industrial Areas,Eloor,6/23/2005,data.csv,kochi,kochi,,52.25,21.03125,33.8125,52.0
6/26/2005,19.125,16.2125,52.875,105.6666667,,149,23-06-05,Kerala,Kochi,National Environmental Engineering Research Institute,Industrial Areas,Eloor,6/23/2005,data.csv,kochi,kochi,,52.875,20.265625,23.90625,53.0
6/27/2005,11.2,15.6,53.5,108.0,,149,27-06-05,Kerala,Kochi,National Environmental Engineering Research Institute,Industrial Areas,Irumpanam,6/27/2005,data.csv,kochi,kochi,,53.5,19.5,14.0,54.0
6/28/2005,10.33333333,15.35714286,54.55555556,106.1111111,,149,27-06-05,Kerala,Kochi,National Environmental Engineering Research Institute,Industrial Areas,Irumpanam,6/27/2005,data.csv,kochi,kochi,,54.55555556,19.196428575,12.9166666625,55.0
6/29/2005,9.466666667,15.11428571,55.61111111,104.2222222,,149,27-06-05,Kerala,Kochi,National Environmental Engineering Research Institute,Industrial Areas,Irumpanam,6/27/2005,data.csv,kochi,kochi,,55.61111111,18.892857137500002,11.83333333375,56.0
6/30/2005,8.6,14.87142857,56.66666667,102.3333333,,149,30-06-05,Kerala,Kochi,National Environmental Engineering Research Institute,Industrial Areas,Eloor,6/30/2005,data.csv,kochi,kochi,,56.66666667,18.5892857125,10.75,57.0
7/1/2005,23.95,14.62857143,56.75,106.25,,149,30-06-05,Kerala,Kochi,National Environmental Engineering Research Institute,Industrial Areas,Eloor,6/30/2005,data.csv,kochi,kochi,,56.75,18.2857142875,29.9375,57.0
7/2/2005,39.3,14.38571429,56.83333333,110.1666667,,149,30-06-05,Kerala,Kochi,National Environmental Engineering Research Institute,Industrial Areas,Eloor,6/30/2005,data.csv,kochi,kochi,,56.83333333,17.982142862499998,49.125,57.0
7/3/2005,54.65,14.14285714,56.91666667,114.0833333,,149,30-06-05,Kerala,Kochi,National Environmental Engineering Research Institute,Industrial Areas,Eloor,6/30/2005,data.csv,kochi,kochi,,56.91666667,17.678571425,68.15,68.0
7/4/2005,70.0,13.9,57.0,118.0,,149,7/4/2005,Kerala,Kochi,National Environmental Engineering Research Institute,Industrial Areas,Eloor,4/7/2005,data.csv,kochi,kochi,,57.0,17.375,87.43589743589743,87.0
7/5/2005,60.57142857,14.45,60.5,124.0,,149,7/4/2005,Kerala,Kochi,National Environmental Engineering Research Institute,Industrial Areas,Eloor,4/7/2005,data.csv,kochi,kochi,,60.5,18.0625,75.58974358794872,76.0
7/6/2005,51.14285714,15.0,64.0,130.0,,149,7/6/2005,Kerala,Kochi,National Environmental Engineering Research Institute,Industrial Areas,Eloor,6/7/2005,data.csv,kochi,kochi,,64.0,18.75,63.74358974,64.0
7/7/2005,41.71428571,14.08,59.0,135.0,,149,7/7/2005,Kerala,Kochi,National Environmental Engineering Research Institute,Residential and others,Ernakulum South,7/7/2005,data.csv,kochi,kochi,,59.0,17.6,51.89743589205128,59.0
7/8/2005,32.28571429,13.16,57.91666667,127.1666667,,149,7/7/2005,Kerala,Kochi,National Environmental Engineering Research Institute,Residential and others,Ernakulum South,7/7/2005,data.csv,kochi,kochi,,57.91666667,16.45,40.3571428625,58.0
7/9/2005,22.85714286,12.24,56.83333333,119.3333333,,149,7/7/2005,Kerala,Kochi,National Environmental Engineering Research Institute,Residential and others,Ernakulum South,7/7/2005,data.csv,kochi,kochi,,56.83333333,15.3,28.571428575,57.0
7/10/2005,13.42857143,11.32,55.75,111.5,,149,7/7/2005,Kerala,Kochi,National Environmental Engineering Research Institute,Residential and others,Ernakulum South,7/7/2005,data.csv,kochi,kochi,,55.75,14.15,16.7857142875,56.0
7/11/2005,4.0,10.4,54.66666667,103.6666667,,149,7/11/2005,Kerala,Kochi,National Environmental Engineering Research Institute,Industrial Areas,Eloor,11/7/2005,data.csv,kochi,kochi,,54.66666667,13.0,5.0,55.0
7/12/2005,9.766666667,10.93333333,59.0,108.5555556,,149,7/11/2005,Kerala,Kochi,National Environmental Engineering Research Institute,Industrial Areas,Eloor,11/7/2005,data.csv,kochi,kochi,,59.0,13.666666662499999,12.208333333750002,59.0
7/13/2005,15.53333333,11.46666667,63.33333333,113.4444444,,149,7/11/2005,Kerala,Kochi,National Environmental Engineering Research Institute,Industrial Areas,Eloor,11/7/2005,data.csv,kochi,kochi,,63.33333333,14.333333337500001,19.4166666625,63.0
7/14/2005,21.3,12.0,67.66666667,118.3333333,,149,14-07-05,Kerala,Kochi,National Environmental Engineering Research Institute,Industrial Areas,Eloor,7/14/2005,data.csv,kochi,kochi,,67.66666667,15.0,26.625,68.0
7/15/2005,24.3,11.25,65.0,115.5833333,,149,14-07-05,Kerala,Kochi,National Environmental Engineering Research Institute,Industrial Areas,Eloor,7/14/2005,data.csv,kochi,kochi,,65.0,14.0625,30.375,65.0
7/16/2005,27.3,10.5,62.33333333,112.8333333,,149,14-07-05,Kerala,Kochi,National Environmental Engineering Research Institute,Industrial Areas,Eloor,7/14/2005,data.csv,kochi,kochi,,62.33333333,13.125,34.125,62.0
7/17/2005,30.3,9.75,59.66666667,110.0833333,,149,14-07-05,Kerala,Kochi,National Environmental Engineering Research Institute,Industrial Areas,Eloor,7/14/2005,data.csv,kochi,kochi,,59.66666667,12.1875,37.875,60.0
7/18/2005,33.3,9.0,57.0,107.3333333,,149,18-07-05,Kerala,Kochi,National Environmental Engineering Research Institute,Industrial Areas,Eloor,7/18/2005,data.csv,kochi,kochi,,57.0,11.25,41.625,57.0
7/19/2005,25.93333333,9.192857143,57.11111111,110.1111111,,149,18-07-05,Kerala,Kochi,National Environmental Engineering Research Institute,Industrial Areas,Eloor,7/18/2005,data.csv,kochi,kochi,,57.11111111,11.491071428749999,32.4166666625,57.0
7/20/2005,18.56666667,9.385714286,57.22222222,112.8888889,,149,18-07-05,Kerala,Kochi,National Environmental Engineering Research Institute,Industrial Areas,Eloor,7/18/2005,data.csv,kochi,kochi,,57.22222222,11.732142857500001,23.2083333375,57.0
7/21/2005,11.2,9.578571429,57.33333333,115.6666667,,149,21-07-05,Kerala,Kochi,National Environmental Engineering Research Institute,Industrial Areas,Eloor,7/21/2005,data.csv,kochi,kochi,,57.33333333,11.97321428625,14.0,57.0
7/22/2005,10.4,9.771428571,54.25,109.5,,149,21-07-05,Kerala,Kochi,National Environmental Engineering Research Institute,Industrial Areas,Eloor,7/21/2005,data.csv,kochi,kochi,,54.25,12.21428571375,13.0,54.0
7/23/2005,9.6,9.964285714,51.16666667,103.3333333,,149,21-07-05,Kerala,Kochi,National Environmental Engineering Research Institute,Industrial Areas,Eloor,7/21/2005,data.csv,kochi,kochi,,51.16666667,12.4553571425,12.0,51.0
7/24/2005,8.8,10.15714286,48.08333333,97.16666667,,149,21-07-05,Kerala,Kochi,National Environmental Engineering Research Institute,Industrial Areas,Eloor,7/21/2005,data.csv,kochi,kochi,,48.08333333,12.696428575,11.0,48.0
7/25/2005,8.0,10.35,45.0,91.0,,149,25-07-05,Kerala,Kochi,National Environmental Engineering Research Institute,Industrial Areas,Irumpanam,7/25/2005,data.csv,kochi,kochi,,45.0,12.9375,10.0,45.0
7/26/2005,13.38571429,10.54285714,45.66666667,92.5,,149,25-07-05,Kerala,Kochi,National Environmental Engineering Research Institute,Industrial Areas,Irumpanam,7/25/2005,data.csv,kochi,kochi,,45.66666667,13.178571425000001,16.732142862499998,46.0
7/27/2005,18.77142857,10.73571429,46.33333333,94.0,,149,25-07-05,Kerala,Kochi,National Environmental Engineering Research Institute,Industrial Areas,Irumpanam,7/25/2005,data.csv,kochi,kochi,,46.33333333,13.419642862500002,23.4642857125,46.0
7/28/2005,24.15714286,10.92857143,47.0,95.5,,149,28-07-05,Kerala,Kochi,National Environmental Engineering Research Institute,Industrial Areas,Irumpanam,7/28/2005,data.csv,kochi,kochi,,47.0,13.6607142875,30.196428575,47.0
7/29/2005,29.54285714,11.12142857,54.0,103.4583333,,149,28-07-05,Kerala,Kochi,National Environmental Engineering Research Institute,Industrial Areas,Irumpanam,7/28/2005,data.csv,kochi,kochi,,54.0,13.9017857125,36.928571425,54.0
7/30/2005,34.92857143,11.31428571,61.0,111.4166667,,149,28-07-05,Kerala,Kochi,National Environmental Engineering Research Institute,Industrial Areas,Irumpanam,7/28/2005,data.csv,kochi,kochi,,61.0,14.1428571375,43.6607142875,61.0
7/31/2005,40.31428571,11.50714286,68.0,119.375,,149,28-07-05,Kerala,Kochi,National Environmental Engineering Research Institute,Industrial Areas,Irumpanam,7/28/2005,data.csv,kochi,kochi,,68.0,14.383928575,,68.0
8/1/2005,45.7,11.7,75.0,127.3333333,,149,8/1/2005,Kerala,Kochi,National Environmental Engineering Research Institute,Industrial Areas,Eloor,1/8/2005,data.csv,kochi,kochi,,75.0,14.625,56.90512820512821,75.0
8/2/2005,44.53333333,11.58,74.33333333,128.7222222,,149,8/1/2005,Kerala,Kochi,National Environmental Engineering Research Institute,Industrial Areas,Eloor,1/8/2005,data.csv,kochi,kochi,,74.33333333,14.475,55.4393162351282,74.0
8/3/2005,43.36666667,11.46,73.66666667,130.1111111,,149,8/1/2005,Kerala,Kochi,National Environmental Engineering Research Institute,Industrial Areas,Eloor,1/8/2005,data.csv,kochi,kochi,,73.66666667,14.325000000000001,53.97350427769231,74.0
8/4/2005,42.2,11.34,73.0,131.5,,149,8/4/2005,Kerala,Kochi,National Environmental Engineering Research Institute,Industrial Areas,Eloor,4/8/2005,data.csv,kochi,kochi,,73.0,14.175,52.50769230769231,73.0
8/5/2005,29.83333333,11.22,68.33333333,119.3333333,,149,8/4/2005,Kerala,Kochi,National Environmental Engineering Research Institute,Industrial Areas,Eloor,4/8/2005,data.csv,kochi,kochi,,68.33333333,14.025,37.2916666625,68.0
8/6/2005,17.46666667,11.1,63.66666667,107.1666667,,149,8/4/2005,Kerala,Kochi,National Environmental Engineering Research Institute,Industrial Areas,Eloor,4/8/2005,data.csv,kochi,kochi,,63.66666667,13.875,21.833333337499997,64.0
8/7/2005,5.1,10.98,59.0,95.0,,149,8/7/2005,Kerala,Kochi,National Environmental Engineering Research Institute,Residential and others,Ernakulum South,7/8/2005,data.csv,kochi,kochi,,59.0,13.725000000000001,6.375,59.0
8/8/2005,11.9875,10.86,57.66666667,100.0,,149,8/7/2005,Kerala,Kochi,National Environmental Engineering Research Institute,Residential and others,Ernakulum South,7/8/2005,data.csv,kochi,kochi,,57.66666667,13.575,14.984375,58.0
8/9/2005,18.875,10.74,56.33333333,105.0,,149,8/7/2005,Kerala,Kochi,National Environmental Engineering Research Institute,Residential and others,Ernakulum South,7/8/2005,data.csv,kochi,kochi,,56.33333333,13.425,23.59375,56.0
1/1/2003,5.0,10.0,33.0,94.5,,166,1/1/2003,Maharashtra,Nagpur,Visveshwaraya National Institute Of Technology,"Residential, Rural and other Areas","Govt.Polytechnic College,Nagpur.",1/1/2003,data.csv,nagpur,nagpur,,33.0,12.5,6.25,33.0
1/2/2003,4.5,8.0,33.0,92.75,,166,1/1/2003,Maharashtra,Nagpur,Visveshwaraya National Institute Of Technology,"Residential, Rural and other Areas","Govt.Polytechnic College,Nagpur.",1/1/2003,data.csv,nagpur,nagpur,,33.0,10.0,5.625,33.0
1/3/2003,4.0,6.0,33.0,91.0,,167,1/3/2003,Maharashtra,Nagpur,Visveshwaraya National Institute Of Technology,"Residential, Rural and other Areas","Govt.Polytechnic College,Nagpur.",3/1/2003,data.csv,nagpur,nagpur,,33.0,7.5,5.0,33.0
1/4/2003,6.0,14.0,33.0,175.0,,165,1/4/2003,Maharashtra,Nagpur,Visveshwaraya National Institute Of Technology,Industrial Area,"Govt.Polytechnic College,Nagpur.",4/1/2003,data.csv,nagpur,nagpur,,33.0,17.5,7.5,33.0
1/5/2003,8.25,18.0,33.0,241.25,,165,1/4/2003,Maharashtra,Nagpur,Visveshwaraya National Institute Of Technology,Industrial Area,"Govt.Polytechnic College,Nagpur.",4/1/2003,data.csv,nagpur,nagpur,,33.0,22.5,10.3125,33.0
1/6/2003,10.5,22.0,33.0,307.5,,165,1/6/2003,Maharashtra,Nagpur,Visveshwaraya National Institute Of Technology,Industrial Area,"Govt.Polytechnic College,Nagpur.",6/1/2003,data.csv,nagpur,nagpur,,33.0,27.5,13.125,33.0
1/7/2003,8.25,18.25,33.0,276.5,,165,1/6/2003,Maharashtra,Nagpur,Visveshwaraya National Institute Of Technology,Industrial Area,"Govt.Polytechnic College,Nagpur.",6/1/2003,data.csv,nagpur,nagpur,,33.0,22.8125,10.3125,33.0
1/8/2003,6.0,14.5,33.0,245.5,,166,1/8/2003,Maharashtra,Nagpur,Visveshwaraya National Institute Of Technology,"Residential, Rural and other Areas","Govt.Polytechnic College,Nagpur.",8/1/2003,data.csv,nagpur,nagpur,,33.0,18.125,7.5,33.0
1/9/2003,6.0,12.75,33.0,237.25,,166,1/8/2003,Maharashtra,Nagpur,Visveshwaraya National Institute Of Technology,"Residential, Rural and other Areas","Govt.Polytechnic College,Nagpur.",8/1/2003,data.csv,nagpur,nagpur,,33.0,15.9375,7.5,33.0
1/10/2003,6.0,11.0,33.0,229.0,,165,1/10/2003,Maharashtra,Nagpur,Visveshwaraya National Institute Of Technology,Industrial Area,"Govt.Polytechnic College,Nagpur.",10/1/2003,data.csv,nagpur,nagpur,,33.0,13.75,7.5,33.0
1/11/2003,5.666666667,12.66666667,33.0,262.1666667,,165,1/10/2003,Maharashtra,Nagpur,Visveshwaraya National Institute Of Technology,Industrial Area,"Govt.Polytechnic College,Nagpur.",10/1/2003,data.csv,nagpur,nagpur,,33.0,15.8333333375,7.083333333750001,33.0
1/12/2003,5.333333333,14.33333333,33.0,295.3333333,,165,1/10/2003,Maharashtra,Nagpur,Visveshwaraya National Institute Of Technology,Industrial Area,"Govt.Polytechnic College,Nagpur.",10/1/2003,data.csv,nagpur,nagpur,,33.0,17.9166666625,6.666666666249999,33.0
1/13/2003,5.0,16.0,33.0,328.5,,165,13-01-03,Maharashtra,Nagpur,Visveshwaraya National Institute Of Technology,Industrial Area,"Govt.Polytechnic College,Nagpur.",1/13/2003,data.csv,nagpur,nagpur,,33.0,20.0,6.25,33.0
1/14/2003,5.5,14.5,33.0,268.25,,165,13-01-03,Maharashtra,Nagpur,Visveshwaraya National Institute Of Technology,Industrial Area,"Govt.Polytechnic College,Nagpur.",1/13/2003,data.csv,nagpur,nagpur,,33.0,18.125,6.875,33.0
1/15/2003,6.0,13.0,33.0,208.0,,166,15-01-03,Maharashtra,Nagpur,Visveshwaraya National Institute Of Technology,"Residential, Rural and other Areas","Govt.Polytechnic College,Nagpur.",1/15/2003,data.csv,nagpur,nagpur,,33.0,16.25,7.5,33.0
1/16/2003,6.0,16.75,33.0,236.5,,166,15-01-03,Maharashtra,Nagpur,Visveshwaraya National Institute Of Technology,"Residential, Rural and other Areas","Govt.Polytechnic College,Nagpur.",1/15/2003,data.csv,nagpur,nagpur,,33.0,20.9375,7.5,33.0
1/17/2003,6.0,20.5,33.0,265.0,,165,17-01-03,Maharashtra,Nagpur,Visveshwaraya National Institute Of Technology,Industrial Area,"Govt.Polytechnic College,Nagpur.",1/17/2003,data.csv,nagpur,nagpur,,33.0,25.625,7.5,33.0
1/18/2003,6.666666667,23.66666667,33.0,296.0,,165,17-01-03,Maharashtra,Nagpur,Visveshwaraya National Institute Of Technology,Industrial Area,"Govt.Polytechnic College,Nagpur.",1/17/2003,data.csv,nagpur,nagpur,,33.0,29.5833333375,8.33333333375,33.0
1/19/2003,7.333333333,26.83333333,33.0,327.0,,165,17-01-03,Maharashtra,Nagpur,Visveshwaraya National Institute Of Technology,Industrial Area,"Govt.Polytechnic College,Nagpur.",1/17/2003,data.csv,nagpur,nagpur,,33.0,33.5416666625,9.16666666625,34.0
1/20/2003,8.0,30.0,33.0,358.0,,165,20-01-03,Maharashtra,Nagpur,Visveshwaraya National Institute Of Technology,Industrial Area,"Govt.Polytechnic College,Nagpur.",1/20/2003,data.csv,nagpur,nagpur,,33.0,37.5,10.0,38.0
1/21/2003,7.0,26.5,33.0,314.75,,165,20-01-03,Maharashtra,Nagpur,Visveshwaraya National Institute Of Technology,Industrial Area,"Govt.Polytechnic College,Nagpur.",1/20/2003,data.csv,nagpur,nagpur,,33.0,33.125,8.75,33.0
1/22/2003,6.0,23.0,33.0,271.5,,166,22-01-03,Maharashtra,Nagpur,Visveshwaraya National Institute Of Technology,"Residential, Rural and other Areas","Govt.Polytechnic College,Nagpur.",1/22/2003,data.csv,nagpur,nagpur,,33.0,28.75,7.5,33.0
1/23/2003,9.0,34.75,33.0,283.5,,166,22-01-03,Maharashtra,Nagpur,Visveshwaraya National Institute Of Technology,"Residential, Rural and other Areas","Govt.Polytechnic College,Nagpur.",1/22/2003,data.csv,nagpur,nagpur,,33.0,43.4375,11.25,43.0
1/24/2003,12.0,46.5,33.0,295.5,,165,24-01-03,Maharashtra,Nagpur,Visveshwaraya National Institute Of Technology,Industrial Area,"Govt.Polytechnic College,Nagpur.",1/24/2003,data.csv,nagpur,nagpur,,33.0,57.91025641025641,15.0,58.0
1/25/2003,9.833333333,36.16666667,33.0,318.1666667,,165,24-01-03,Maharashtra,Nagpur,Visveshwaraya National Institute Of Technology,Industrial Area,"Govt.Polytechnic College,Nagpur.",1/24/2003,data.csv,nagpur,nagpur,,33.0,45.208333337499994,12.29166666625,45.0
1/26/2003,7.666666667,25.83333333,33.0,340.8333333,,165,24-01-03,Maharashtra,Nagpur,Visveshwaraya National Institute Of Technology,Industrial Area,"Govt.Polytechnic College,Nagpur.",1/24/2003,data.csv,nagpur,nagpur,,33.0,32.2916666625,9.58333333375,33.0
1/27/2003,5.5,15.5,33.0,363.5,,165,27-01-03,Maharashtra,Nagpur,Visveshwaraya National Institute Of Technology,Industrial Area,"Govt.Polytechnic College,Nagpur.",1/27/2003,data.csv,nagpur,nagpur,,33.0,19.375,6.875,33.0
1/28/2003,6.0,28.0,33.0,289.0,,166,28-01-03,Maharashtra,Nagpur,Visveshwaraya National Institute Of Technology,"Residential, Rural and other Areas","Govt.Polytechnic College,Nagpur.",1/28/2003,data.csv,nagpur,nagpur,,33.0,35.0,7.5,35.0
1/29/2003,6.0,8.0,33.0,180.0,,167,29-01-03,Maharashtra,Nagpur,Visveshwaraya National Institute Of Technology,"Residential, Rural and other Areas","Govt.Polytechnic College,Nagpur.",1/29/2003,data.csv,nagpur,nagpur,,33.0,10.0,7.5,33.0
1/30/2003,5.8,7.6,33.0,178.3,,167,29-01-03,Maharashtra,Nagpur,Visveshwaraya National Institute Of Technology,"Residential, Rural and other Areas","Govt.Polytechnic College,Nagpur.",1/29/2003,data.csv,nagpur,nagpur,,33.0,9.5,7.25,33.0
1/31/2003,5.6,7.2,33.0,176.6,,167,29-01-03,Maharashtra,Nagpur,Visveshwaraya National Institute Of Technology,"Residential, Rural and other Areas","Govt.Polytechnic College,Nagpur.",1/29/2003,data.csv,nagpur,nagpur,,33.0,9.0,7.0,33.0
2/1/2003,5.4,6.8,33.0,174.9,,167,29-01-03,Maharashtra,Nagpur,Visveshwaraya National Institute Of Technology,"Residential, Rural and other Areas","Govt.Polytechnic College,Nagpur.",1/29/2003,data.csv,nagpur,nagpur,,33.0,8.5,6.75,33.0
2/2/2003,5.2,6.4,33.0,173.2,,167,29-01-03,Maharashtra,Nagpur,Visveshwaraya National Institute Of Technology,"Residential, Rural and other Areas","Govt.Polytechnic College,Nagpur.",1/29/2003,data.csv,nagpur,nagpur,,33.0,8.0,6.5,33.0
2/3/2003,5.0,6.0,33.0,171.5,,166,2/3/2003,Maharashtra,Nagpur,Visveshwaraya National Institute Of Technology,"Residential, Rural and other Areas","Govt.Polytechnic College,Nagpur.",3/2/2003,data.csv,nagpur,nagpur,,33.0,7.5,6.25,33.0
2/4/2003,4.75,10.25,33.0,149.25,,166,2/3/2003,Maharashtra,Nagpur,Visveshwaraya National Institute Of Technology,"Residential, Rural and other Areas","Govt.Polytechnic College,Nagpur.",3/2/2003,data.csv,nagpur,nagpur,,33.0,12.8125,5.9375,33.0
2/5/2003,4.5,14.5,33.0,127.0,,165,2/5/2003,Maharashtra,Nagpur,Visveshwaraya National Institute Of Technology,Industrial Area,"Govt.Polytechnic College,Nagpur.",5/2/2003,data.csv,nagpur,nagpur,,33.0,18.125,5.625,33.0
2/6/2003,5.25,15.5,33.0,269.25,,165,2/5/2003,Maharashtra,Nagpur,Visveshwaraya National Institute Of Technology,Industrial Area,"Govt.Polytechnic College,Nagpur.",5/2/2003,data.csv,nagpur,nagpur,,33.0,19.375,6.5625,33.0
2/7/2003,6.0,16.5,33.0,411.5,,165,2/7/2003,Maharashtra,Nagpur,Visveshwaraya National Institute Of Technology,Industrial Area,"Govt.Polytechnic College,Nagpur.",7/2/2003,data.csv,nagpur,nagpur,,33.0,20.625,7.5,33.0
2/8/2003,6.0,16.0,33.0,351.1666667,,165,2/7/2003,Maharashtra,Nagpur,Visveshwaraya National Institute Of Technology,Industrial Area,"Govt.Polytechnic College,Nagpur.",7/2/2003,data.csv,nagpur,nagpur,,33.0,20.0,7.5,33.0
2/9/2003,6.0,15.5,33.0,290.8333333,,165,2/7/2003,Maharashtra,Nagpur,Visveshwaraya National Institute Of Technology,Industrial Area,"Govt.Polytechnic College,Nagpur.",7/2/2003,data.csv,nagpur,nagpur,,33.0,19.375,7.5,33.0
2/10/2003,6.0,15.0,33.0,230.5,,166,2/10/2003,Maharashtra,Nagpur,Visveshwaraya National Institute Of Technology,"Residential, Rural and other Areas","Govt.Polytechnic College,Nagpur.",10/2/2003,data.csv,nagpur,nagpur,,33.0,18.75,7.5,33.0
2/11/2003,6.0,13.625,33.0,212.625,,166,2/10/2003,Maharashtra,Nagpur,Visveshwaraya National Institute Of Technology,"Residential, Rural and other Areas","Govt.Polytechnic College,Nagpur.",10/2/2003,data.csv,nagpur,nagpur,,33.0,17.03125,7.5,33.0
2/12/2003,6.0,12.25,33.0,194.75,,166,2/10/2003,Maharashtra,Nagpur,Visveshwaraya National Institute Of Technology,"Residential, Rural and other Areas","Govt.Polytechnic College,Nagpur.",10/2/2003,data.csv,nagpur,nagpur,,33.0,15.3125,7.5,33.0
2/13/2003,6.0,10.875,33.0,176.875,,166,2/10/2003,Maharashtra,Nagpur,Visveshwaraya National Institute Of Technology,"Residential, Rural and other Areas","Govt.Polytechnic College,Nagpur.",10/2/2003,data.csv,nagpur,nagpur,,33.0,13.59375,7.5,33.0
2/14/2003,6.0,9.5,33.0,159.0,,165,14-02-03,Maharashtra,Nagpur,Visveshwaraya National Institute Of Technology,Industrial Area,"Govt.Polytechnic College,Nagpur.",2/14/2003,data.csv,nagpur,nagpur,,33.0,11.875,7.5,33.0
2/15/2003,6.0,10.5,33.0,155.5,,165,14-02-03,Maharashtra,Nagpur,Visveshwaraya National Institute Of Technology,Industrial Area,"Govt.Polytechnic College,Nagpur.",2/14/2003,data.csv,nagpur,nagpur,,33.0,13.125,7.5,33.0
2/16/2003,6.0,11.5,33.0,152.0,,165,14-02-03,Maharashtra,Nagpur,Visveshwaraya National Institute Of Technology,Industrial Area,"Govt.Polytechnic College,Nagpur.",2/14/2003,data.csv,nagpur,nagpur,,33.0,14.375,7.5,33.0
2/17/2003,6.0,12.5,33.0,148.5,,165,17-02-03,Maharashtra,Nagpur,Visveshwaraya National Institute Of Technology,Industrial Area,"Govt.Polytechnic College,Nagpur.",2/17/2003,data.csv,nagpur,nagpur,,33.0,15.625,7.5,33.0
2/18/2003,7.0,11.75,33.0,179.5,,165,17-02-03,Maharashtra,Nagpur,Visveshwaraya National Institute Of Technology,Industrial Area,"Govt.Polytechnic College,Nagpur.",2/17/2003,data.csv,nagpur,nagpur,,33.0,14.6875,8.75,33.0
2/19/2003,8.0,11.0,33.0,210.5,,166,19-02-03,Maharashtra,Nagpur,Visveshwaraya National Institute Of Technology,"Residential, Rural and other Areas","Govt.Polytechnic College,Nagpur.",2/19/2003,data.csv,nagpur,nagpur,,33.0,13.75,10.0,33.0
2/20/2003,7.0,12.25,33.0,189.0,,166,19-02-03,Maharashtra,Nagpur,Visveshwaraya National Institute Of Technology,"Residential, Rural and other Areas","Govt.Polytechnic College,Nagpur.",2/19/2003,data.csv,nagpur,nagpur,,33.0,15.3125,8.75,33.0
2/21/2003,6.0,13.5,33.0,167.5,,165,21-02-03,Maharashtra,Nagpur,Visveshwaraya National Institute Of Technology,Industrial Area,"Govt.Polytechnic College,Nagpur.",2/21/2003,data.csv,nagpur,nagpur,,33.0,16.875,7.5,33.0
2/22/2003,6.5,15.0,33.0,197.8333333,,165,21-02-03,Maharashtra,Nagpur,Visveshwaraya National Institute Of Technology,Industrial Area,"Govt.Polytechnic College,Nagpur.",2/21/2003,data.csv,nagpur,nagpur,,33.0,18.75,8.125,33.0
2/23/2003,7.0,16.5,33.0,228.1666667,,165,21-02-03,Maharashtra,Nagpur,Visveshwaraya National Institute Of Technology,Industrial Area,"Govt.Polytechnic College,Nagpur.",2/21/2003,data.csv,nagpur,nagpur,,33.0,20.625,8.75,33.0
2/24/2003,7.5,18.0,33.0,258.5,,165,24-02-03,Maharashtra,Nagpur,Visveshwaraya National Institute Of Technology,Industrial Area,"Govt.Polytechnic College,Nagpur.",2/24/2003,data.csv,nagpur,nagpur,,33.0,22.5,9.375,33.0
2/25/2003,6.75,14.75,33.0,211.0,,165,24-02-03,Maharashtra,Nagpur,Visveshwaraya National Institute Of Technology,Industrial Area,"Govt.Polytechnic College,Nagpur.",2/24/2003,data.csv,nagpur,nagpur,,33.0,18.4375,8.4375,33.0
2/26/2003,6.0,11.5,33.0,163.5,,166,26-02-03,Maharashtra,Nagpur,Visveshwaraya National Institute Of Technology,"Residential, Rural and other Areas","Govt.Polytechnic College,Nagpur.",2/26/2003,data.csv,nagpur,nagpur,,33.0,14.375,7.5,33.0
2/27/2003,6.3,11.1,33.0,179.8,,166,26-02-03,Maharashtra,Nagpur,Visveshwaraya National Institute Of Technology,"Residential, Rural and other Areas","Govt.Polytechnic College,Nagpur.",2/26/2003,data.csv,nagpur,nagpur,,33.0,13.875,7.875,33.0
2/28/2003,6.6,10.7,33.0,196.1,,166,26-02-03,Maharashtra,Nagpur,Visveshwaraya National Institute Of Technology,"Residential, Rural and other Areas","Govt.Polytechnic College,Nagpur.",2/26/2003,data.csv,nagpur,nagpur,,33.0,13.375,8.25,33.0
3/1/2003,6.9,10.3,33.0,212.4,,166,26-02-03,Maharashtra,Nagpur,Visveshwaraya National Institute Of Technology,"Residential, Rural and other Areas","Govt.Polytechnic College,Nagpur.",2/26/2003,data.csv,nagpur,nagpur,,33.0,12.875,8.625,33.0
3/2/2003,7.2,9.9,33.0,228.7,,166,26-02-03,Maharashtra,Nagpur,Visveshwaraya National Institute Of Technology,"Residential, Rural and other Areas","Govt.Polytechnic College,Nagpur.",2/26/2003,data.csv,nagpur,nagpur,,33.0,12.375,9.0,33.0
3/3/2003,7.5,9.5,33.0,245.0,,166,3/3/2003,Maharashtra,Nagpur,Visveshwaraya National Institute Of Technology,"Residential, Rural and other Areas","Govt.Polytechnic College,Nagpur.",3/3/2003,data.csv,nagpur,nagpur,,33.0,11.875,9.375,33.0
3/4/2003,9.25,11.75,33.0,265.5,,166,3/3/2003,Maharashtra,Nagpur,Visveshwaraya National Institute Of Technology,"Residential, Rural and other Areas","Govt.Polytechnic College,Nagpur.",3/3/2003,data.csv,nagpur,nagpur,,33.0,14.6875,11.5625,33.0
3/5/2003,11.0,14.0,33.0,286.0,,165,3/5/2003,Maharashtra,Nagpur,Visveshwaraya National Institute Of Technology,Industrial Area,"Govt.Polytechnic College,Nagpur.",5/3/2003,data.csv,nagpur,nagpur,,33.0,17.5,13.75,33.0
3/6/2003,11.0,21.0,33.0,254.5,,165,3/5/2003,Maharashtra,Nagpur,Visveshwaraya National Institute Of Technology,Industrial Area,"Govt.Polytechnic College,Nagpur.",5/3/2003,data.csv,nagpur,nagpur,,33.0,26.25,13.75,33.0
3/7/2003,11.0,28.0,33.0,223.0,,165,3/7/2003,Maharashtra,Nagpur,Visveshwaraya National Institute Of Technology,Industrial Area,"Govt.Polytechnic College,Nagpur.",7/3/2003,data.csv,nagpur,nagpur,,33.0,35.0,13.75,35.0
3/8/2003,11.66666667,26.0,33.0,230.0,,165,3/7/2003,Maharashtra,Nagpur,Visveshwaraya National Institute Of Technology,Industrial Area,"Govt.Polytechnic College,Nagpur.",7/3/2003,data.csv,nagpur,nagpur,,33.0,32.5,14.5833333375,33.0
3/9/2003,12.33333333,24.0,33.0,237.0,,165,3/7/2003,Maharashtra,Nagpur,Visveshwaraya National Institute Of Technology,Industrial Area,"Govt.Polytechnic College,Nagpur.",7/3/2003,data.csv,nagpur,nagpur,,33.0,30.0,15.4166666625,33.0
3/10/2003,13.0,22.0,33.0,244.0,,166,3/10/2003,Maharashtra,Nagpur,Visveshwaraya National Institute Of Technology,"Residential, Rural and other Areas","Govt.Polytechnic College,Nagpur.",10/3/2003,data.csv,nagpur,nagpur,,33.0,27.5,16.25,33.0
3/11/2003,9.5,16.75,33.0,218.0,,166,3/10/2003,Maharashtra,Nagpur,Visveshwaraya National Institute Of Technology,"Residential, Rural and other Areas","Govt.Polytechnic College,Nagpur.",10/3/2003,data.csv,nagpur,nagpur,,33.0,20.9375,11.875,33.0
3/12/2003,6.0,11.5,33.0,192.0,,165,3/12/2003,Maharashtra,Nagpur,Visveshwaraya National Institute Of Technology,Industrial Area,"Govt.Polytechnic College,Nagpur.",12/3/2003,data.csv,nagpur,nagpur,,33.0,14.375,7.5,33.0
3/13/2003,6.0,13.5,33.0,184.2857143,,165,3/12/2003,Maharashtra,Nagpur,Visveshwaraya National Institute Of Technology,Industrial Area,"Govt.Polytechnic College,Nagpur.",12/3/2003,data.csv,nagpur,nagpur,,33.0,16.875,7.5,33.0
3/14/2003,6.0,15.5,33.0,176.5714286,,165,3/12/2003,Maharashtra,Nagpur,Visveshwaraya National Institute Of Technology,Industrial Area,"Govt.Polytechnic College,Nagpur.",12/3/2003,data.csv,nagpur,nagpur,,33.0,19.375,7.5,33.0
3/15/2003,6.0,17.5,33.0,168.8571429,,165,3/12/2003,Maharashtra,Nagpur,Visveshwaraya National Institute Of Technology,Industrial Area,"Govt.Polytechnic College,Nagpur.",12/3/2003,data.csv,nagpur,nagpur,,33.0,21.875,7.5,33.0
3/16/2003,6.0,19.5,33.0,161.1428571,,165,3/12/2003,Maharashtra,Nagpur,Visveshwaraya National Institute Of Technology,Industrial Area,"Govt.Polytechnic College,Nagpur.",12/3/2003,data.csv,nagpur,nagpur,,33.0,24.375,7.5,33.0
3/17/2003,6.0,21.5,33.0,153.4285714,,165,3/12/2003,Maharashtra,Nagpur,Visveshwaraya National Institute Of Technology,Industrial Area,"Govt.Polytechnic College,Nagpur.",12/3/2003,data.csv,nagpur,nagpur,,33.0,26.875,7.5,33.0
3/18/2003,6.0,23.5,33.0,145.7142857,,165,3/12/2003,Maharashtra,Nagpur,Visveshwaraya National Institute Of Technology,Industrial Area,"Govt.Polytechnic College,Nagpur.",12/3/2003,data.csv,nagpur,nagpur,,33.0,29.375,7.5,33.0
3/19/2003,6.0,25.5,33.0,138.0,,165,19-03-03,Maharashtra,Nagpur,Visveshwaraya National Institute Of Technology,Industrial Area,"Govt.Polytechnic College,Nagpur.",3/19/2003,data.csv,nagpur,nagpur,,33.0,31.875,7.5,33.0
3/20/2003,6.0,22.75,33.0,192.25,,165,19-03-03,Maharashtra,Nagpur,Visveshwaraya National Institute Of Technology,Industrial Area,"Govt.Polytechnic College,Nagpur.",3/19/2003,data.csv,nagpur,nagpur,,33.0,28.4375,7.5,33.0
3/21/2003,6.0,20.0,33.0,246.5,,166,21-03-03,Maharashtra,Nagpur,Visveshwaraya National Institute Of Technology,"Residential, Rural and other Areas","Govt.Polytechnic College,Nagpur.",3/21/2003,data.csv,nagpur,nagpur,,33.0,25.0,7.5,33.0
3/22/2003,6.0,22.0,33.0,218.1666667,,166,21-03-03,Maharashtra,Nagpur,Visveshwaraya National Institute Of Technology,"Residential, Rural and other Areas","Govt.Polytechnic College,Nagpur.",3/21/2003,data.csv,nagpur,nagpur,,33.0,27.5,7.5,33.0
3/23/2003,6.0,24.0,33.0,189.8333333,,166,21-03-03,Maharashtra,Nagpur,Visveshwaraya National Institute Of Technology,"Residential, Rural and other Areas","Govt.Polytechnic College,Nagpur.",3/21/2003,data.csv,nagpur,nagpur,,33.0,30.0,7.5,33.0
3/24/2003,6.0,26.0,33.0,161.5,,165,24-03-03,Maharashtra,Nagpur,Visveshwaraya National Institute Of Technology,Industrial Area,"Govt.Polytechnic College,Nagpur.",3/24/2003,data.csv,nagpur,nagpur,,33.0,32.5,7.5,33.0
3/25/2003,5.25,21.5,33.0,210.5,,165,24-03-03,Maharashtra,Nagpur,Visveshwaraya National Institute Of Technology,Industrial Area,"Govt.Polytechnic College,Nagpur.",3/24/2003,data.csv,nagpur,nagpur,,33.0,26.875,6.5625,33.0
3/26/2003,4.5,17.0,33.0,259.5,,165,26-03-03,Maharashtra,Nagpur,Visveshwaraya National Institute Of Technology,Industrial Area,"Govt.Polytechnic College,Nagpur.",3/26/2003,data.csv,nagpur,nagpur,,33.0,21.25,5.625,33.0
3/27/2003,8.75,23.0,33.0,209.75,,165,26-03-03,Maharashtra,Nagpur,Visveshwaraya National Institute Of Technology,Industrial Area,"Govt.Polytechnic College,Nagpur.",3/26/2003,data.csv,nagpur,nagpur,,33.0,28.75,10.9375,33.0
3/28/2003,13.0,29.0,33.0,160.0,,167,28-03-03,Maharashtra,Nagpur,Visveshwaraya National Institute Of Technology,"Residential, Rural and other Areas","Govt.Polytechnic College,Nagpur.",3/28/2003,data.csv,nagpur,nagpur,,33.0,36.25,16.25,36.0
3/29/2003,11.25,30.75,33.0,192.75,,167,28-03-03,Maharashtra,Nagpur,Visveshwaraya National Institute Of Technology,"Residential, Rural and other Areas","Govt.Polytechnic College,Nagpur.",3/28/2003,data.csv,nagpur,nagpur,,33.0,38.4375,14.0625,38.0
3/30/2003,9.5,32.5,33.0,225.5,,167,28-03-03,Maharashtra,Nagpur,Visveshwaraya National Institute Of Technology,"Residential, Rural and other Areas","Govt.Polytechnic College,Nagpur.",3/28/2003,data.csv,nagpur,nagpur,,33.0,40.625,11.875,41.0
3/31/2003,7.75,34.25,33.0,258.25,,167,28-03-03,Maharashtra,Nagpur,Visveshwaraya National Institute Of Technology,"Residential, Rural and other Areas","Govt.Polytechnic College,Nagpur.",3/28/2003,data.csv,nagpur,nagpur,,33.0,42.8125,9.6875,43.0
4/1/2003,6.0,36.0,33.0,291.0,,166,4/1/2003,Maharashtra,Nagpur,Visveshwaraya National Institute Of Technology,"Residential, Rural and other Areas","Govt.Polytechnic College,Nagpur.",1/4/2003,data.csv,nagpur,nagpur,,33.0,45.0,7.5,45.0
4/2/2003,6.0,28.0,33.0,246.5,,166,4/1/2003,Maharashtra,Nagpur,Visveshwaraya National Institute Of Technology,"Residential, Rural and other Areas","Govt.Polytechnic College,Nagpur.",1/4/2003,data.csv,nagpur,nagpur,,33.0,35.0,7.5,35.0
4/3/2003,6.0,20.0,33.0,202.0,,167,4/3/2003,Maharashtra,Nagpur,Visveshwaraya National Institute Of Technology,"Residential, Rural and other Areas","Govt.Polytechnic College,Nagpur.",3/4/2003,data.csv,nagpur,nagpur,,33.0,25.0,7.5,33.0
4/4/2003,5.875,18.625,33.0,183.125,,167,4/3/2003,Maharashtra,Nagpur,Visveshwaraya National Institute Of Technology,"Residential, Rural and other Areas","Govt.Polytechnic College,Nagpur.",3/4/2003,data.csv,nagpur,nagpur,,33.0,23.28125,7.34375,33.0
4/5/2003,5.75,17.25,33.0,164.25,,167,4/3/2003,Maharashtra,Nagpur,Visveshwaraya National Institute Of Technology,"Residential, Rural and other Areas","Govt.Polytechnic College,Nagpur.",3/4/2003,data.csv,nagpur,nagpur,,33.0,21.5625,7.1875,33.0
4/6/2003,5.625,15.875,33.0,145.375,,167,4/3/2003,Maharashtra,Nagpur,Visveshwaraya National Institute Of Technology,"Residential, Rural and other Areas","Govt.Polytechnic College,Nagpur.",3/4/2003,data.csv,nagpur,nagpur,,33.0,19.84375,7.03125,33.0
4/7/2003,5.5,14.5,33.0,126.5,,165,4/7/2003,Maharashtra,Nagpur,Visveshwaraya National Institute Of Technology,Industrial Area,"Govt.Polytechnic College,Nagpur.",7/4/2003,data.csv,nagpur,nagpur,,33.0,18.125,6.875,33.0
4/8/2003,5.25,15.5,33.0,125.25,,165,4/7/2003,Maharashtra,Nagpur,Visveshwaraya National Institute Of Technology,Industrial Area,"Govt.Polytechnic College,Nagpur.",7/4/2003,data.csv,nagpur,nagpur,,33.0,19.375,6.5625,33.0
4/9/2003,5.0,16.5,33.0,124.0,,166,4/9/2003,Maharashtra,Nagpur,Visveshwaraya National Institute Of Technology,"Residential, Rural and other Areas","Govt.Polytechnic College,Nagpur.",9/4/2003,data.csv,nagpur,nagpur,,33.0,20.625,6.25,33.0
4/10/2003,5.5,18.0,33.0,128.0,,166,4/9/2003,Maharashtra,Nagpur,Visveshwaraya National Institute Of Technology,"Residential, Rural and other Areas","Govt.Polytechnic College,Nagpur.",9/4/2003,data.csv,nagpur,nagpur,,33.0,22.5,6.875,33.0
